0x1f573d6fb3f13d689ff844b4ce37794d79a7ff1c, 2017-06-10 16:02
0x9f8f72aa9304c8b593d555f12ef6589cc3a579a2, 2017-11-25 18:24
0x408e41876cccdc0f92210600ef50372656052a38, 2017-12-31 02:49
0xdd974d5c2e2928dea5f71b9825b8b646686bd200, 2017-09-12 05:33
0x6c16119b20fa52600230f074b349da3cb861a7e3, 2021-09-02 17:35
0x3ec8798b81485a254928b70cda1cf0a2bb0b74d7, 2021-09-20 21:51
0x21ad647b8f4fe333212e735bfc1f36b4941e6ad2, 2021-10-29 11:55
0x4c19596f5aaff459fa38b0f7ed92f11ae6543784, 2020-06-02 19:03
0xba100000625a3754423978a60c9317c58a424e3d, 2020-06-20 01:32
0xa3bed4e1c75d00fa6f4e5e6922db7261b5e9acd2, 2020-07-13 10:23
0x0bc529c00c6401aef6d220be8c6ea1667f6ad93e, 2020-07-17 08:01
0x111111111117dc0aa78b770fa6a738034120c302, 2020-12-23 18:13
0x73968b9a57c6e53d41345fd57a6e6ae27d6cdb2f, 2021-01-20 10:57
0x1337def16f9b486faed0293eb623dc8395dfe46a, 2021-01-22 21:23
0x888888888889c00c67689029d7856aac1065ec11, 2021-01-25 08:24
0x84810bcf08744d5862b8181f12d17bfd57d3b078, 2021-02-02 23:05
0x24a6a37576377f63f194caa5f518a60f45b42921, 2021-02-05 18:26
0x1b40183efb4dd766f11bda7a7c3ad8982e998421, 2021-02-11 13:50
0x6243d8cea23066d098a15582d81a598b4e8391f4, 2021-02-13 12:48
0x0cec1a9154ff802e7934fc916ed7ca50bde6844e, 2021-02-16 20:52
0x7f3edcdd180dbe4819bd98fee8929b5cedb3adeb, 2021-02-21 23:50
0x7777777777697cfeecf846a76326da79cc606517, 2021-02-24 11:43
0xdbdb4d16eda451d0503b854cf79d55697f90c8df, 2021-02-27 04:28
0xc00e94cb662c3520282e6f5717214004a7f26888, 2020-03-04 00:08
0x767fe9edc9e0df98e07454847909b5e959d7ca0e, 2021-03-21 19:43
0x383518188c0c6d7730d91b2c03a03c837814a899, 2021-03-21 22:48
0x44564d0bd94343f72e3c8a0d22308b7fa71db0bb, 2021-03-22 05:03
0x6dea81c8171d0ba574754ef6f8b412f2ed88c54d, 2021-04-05 08:33
0x956f47f50a910163d8bf957cf5846d573e7f87ca, 2021-03-28 05:23
0x321c2fe4446c7c963dc41dd58879af648838f98d, 2021-04-06 04:21
0xf16e81dce15b08f326220742020379b855b87df9, 2021-03-27 13:30
0x0ada190c81b814548ddc2f6adc4a689ce7c1fe73, 2021-04-17 12:20
0x33349b282065b0284d756f0577fb39c158f935e6, 2021-04-20 02:21
0xbbbbbbb5aa847a2003fbc6b5c16df0bd1e725f61, 2021-04-22 07:24
0x1321f1f1aa541a56c31682c57b80ecfccd9bb288, 2021-05-11 23:56
0x4e3fbd56cd56c3e72c1403e103b45db9da5b9d2b, 2021-05-17 09:08
0x090185f2135308bad17527004364ebcc2d37e5f6, 2021-05-17 22:10
0x6123b0049f904d730db3c36a31167d9d4121fa6b, 2021-05-24 13:12
0x2ba592f78db6436527729929aaf6c908497cb200, 2020-08-04 15:06
0x584bc13c7d411c00c01a62e8019472de68768430, 2020-08-08 12:16
0x1695936d6a953df699c38ca21c2140d497c08bd9, 2020-08-10 20:26
0xd533a949740bb3306d119cc777fa900ba034cd52, 2020-08-12 22:17
0x38e4adb44ef08f22f5b5b76a8f0c2d0dcbe7dca1, 2020-08-20 15:45
0x6b3595068778dd592e39a122f4f5a5cf09c90fe2, 2020-08-26 12:28
0xa0246c9032bc3a600820415ae600c6388619a14d, 2020-08-31 17:34
0xb8baa0e4287890a5f79863ab62b7f175cecbd433, 2020-09-04 20:54
0xbc396689893d065f41bc2c6ecbee5e0085233447, 2020-09-05 22:08
0x0391d2021f89dc339f60fff84546ea23e337750f, 2020-09-07 15:55
0x429881672b9ae42b8eba0e26cd9c73711b891ca5, 2020-09-09 23:31
0xca1207647ff814039530d7d35df0e1dd2e91fa84, 2020-09-10 09:35
0xad32a8e6220741182940c5abf610bde99e737b2d, 2020-09-11 11:20
0x1f9840a85d5af5bf1d1762f925bdaddc4201f984, 2020-09-14 18:11
0x8daebade922df735c38c80c7ebd708af50815faa, 2020-09-15 16:52
0x0aacfbec6a24756c20d41914f2caba817c0d8521, 2020-09-18 15:17
0x7fc66500c84a76ad7e9c93437bfc5ac33e2ddae9, 2020-09-24 18:06
0x0258f474786ddfd37abce6df6bbb1dd5dfc4434a, 2020-09-26 16:08
0xa1faa113cbe53436df28ff0aee54275c13b40975, 2020-09-27 09:10
0x43dfc4159d86f3a37a5a4b3d4580b888ad7d4ddd, 2020-09-29 10:58
0x0954906da0bf32d5479e25f46056d22f08464cab, 2020-10-06 06:04
0xfe9a29ab92522d14fc65880d817214261d8479ae, 2020-10-08 07:37
0x20945ca1df56d237fd40036d47e866c7dccd2114, 2020-10-08 12:40
0xb6ca7399b4f9ca56fc27cbff44f4d2e4eef1fc81, 2020-10-09 18:09
0xd291e7a03283640fdc51b121ac401383a46cc623, 2020-10-20 16:51
0xa8e7ad77c60ee6f30bac54e2e7c0617bd7b5a03e, 2020-10-21 00:33
0xa283aa7cfbb27ef0cfbcb2493dd9f4330e0fd304, 2020-10-30 06:51
0xfa5047c9c78b8877af97bdcb85db743fd7313d4a, 2020-11-01 07:07
0x95a4492f028aa1fd432ea71146b433e7b4446611, 2020-11-05 02:58
0x515d7e9d75e2b76db60f8a051cd890eba23286bc, 2020-11-14 19:33
0x87d73e916d7057945c9bcd8cdd94e42a6f47f776, 2020-11-15 07:14
0x8888801af4d980682e47f1a9036e589479e835c5, 2020-11-19 18:03
0x875773784af8135ea0ef43b5a374aad105c5d39e, 2020-11-26 11:27
0x09a3ecafa817268f77be1283176b946c4ff2e608, 2020-11-28 05:54
0x3472a5a71965499acd81997a54bba8d852c6e53d, 2020-11-28 17:32
0x374cb8c27130e2c9e04f44303f3c8351b9de61c1, 2020-12-01 19:26
0x3a880652f47bfaa771908c07dd8673a787daed3a, 2020-12-04 02:32
0x92e187a03b6cd19cb6af293ba17f2745fd2357d5, 2020-12-13 12:05
0x86772b1409b61c639eaac9ba0acfbb6e238e5f83, 2020-12-15 11:45
0x3432b6a60d23ca0dfca7761b7ab56459d9c964d0, 2020-12-16 17:42
0xe0ad1806fd3e7edf6ff52fdb822432e847411033, 2020-12-17 15:25
0x77777feddddffc19ff86db637967013e6c6a116c, 2020-12-18 03:00
0x0000000000095413afc295d19edeb1ad7b71c952, 2020-12-21 03:58
0x41d5d79431a913c4ae7d69a668ecdfe5ff9dfb68, 2020-12-21 18:23
0xbc19712feb3a26080ebf6f2f7849b417fdd792ca, 2021-05-25 06:36
0xeec2be5c91ae7f8a338e1e5f3b5de49d07afdc81, 2021-06-20 23:07
0x92d6c1e31e14520e676a687f0a93788b716beff5, 2021-07-12 01:37
0x2e9d63788249371f1dfc918a52f8d799f4a38c94, 2021-08-04 23:37
0xbbbbca6a901c926f240b89eacb641d8aec7aeafd, 2019-04-11 02:10
0xd7c49cee7e9188cca6ad8ff264c1da2e69d4cf3b, 2019-05-23 11:45
0xc770eefad204b5180df6a14ee197d99d808ee52d, 2019-03-26 22:24
0xa0b73e1ff0b80914ab6fe0444e65848c4c34450b, 2018-11-14 09:11
0xc011a73ee8576fb46f5e1c5751ca3b9fe0af2a6f, 2019-08-09 05:36
